file,class,type,cbo,cboModified,fanin,fanout,wmc,dit,noc,rfc,lcom,lcom*,tcc,lcc,totalMethodsQty,staticMethodsQty,publicMethodsQty,privateMethodsQty,protectedMethodsQty,defaultMethodsQty,visibleMethodsQty,abstractMethodsQty,finalMethodsQty,synchronizedMethodsQty,totalFieldsQty,staticFieldsQty,publicFieldsQty,privateFieldsQty,protectedFieldsQty,defaultFieldsQty,finalFieldsQty,synchronizedFieldsQty,nosi,loc,returnQty,loopQty,comparisonsQty,tryCatchQty,parenthesizedExpsQty,stringLiteralsQty,numbersQty,assignmentsQty,mathOperationsQty,variablesQty,maxNestedBlocksQty,anonymousClassesQty,innerClassesQty,lambdasQty,uniqueWordsQty,modifiers,logStatementsQty
C:\Users\maaik\PycharmProjects\OssMetricScraping\word\ysc-word-daa57fa\src\main\java\org\apdplat\word\analysis\SimHashPlusHammingDistanceTextSimilarity.java,org.apdplat.word.analysis.SimHashPlusHammingDistanceTextSimilarity,class,6,9,3,6,23,2,0,29,6,0.6111111,0.0,0.0,9,1,5,3,1,0,6,0,0,0,2,1,0,2,0,0,1,0,3,118,8,4,7,0,2,38,16,40,20,33,3,0,0,1,69,1,12
C:\Users\maaik\PycharmProjects\OssMetricScraping\word\ysc-word-daa57fa\src\main\java\org\apdplat\word\segmentation\impl\BidirectionalMinimumMatching.java,org.apdplat.word.segmentation.impl.BidirectionalMinimumMatching,class,5,6,1,5,12,2,0,11,3,0.6666667,0.0,0.0,3,1,3,0,0,0,3,0,0,0,2,2,0,2,0,0,2,0,2,44,4,0,3,0,0,7,2,14,3,10,1,0,0,0,29,1,3
C:\Users\maaik\PycharmProjects\OssMetricScraping\word\ysc-word-daa57fa\src\main\java\org\apdplat\word\vector\Word2Vector.java,org.apdplat.word.vector.Word2Vector$ContextWord,innerclass,1,1,0,1,9,1,0,1,0,0.42857143,0.0,0.0,7,0,7,0,0,0,7,0,0,0,2,0,0,2,0,0,0,0,0,33,6,0,1,0,1,1,3,5,1,3,1,0,0,0,16,10,0
C:\Users\maaik\PycharmProjects\OssMetricScraping\word\ysc-word-daa57fa\src\main\java\org\apdplat\word\lucene\ChineseWordTokenizer.java,org.apdplat.word.lucene.ChineseWordTokenizer,class,15,19,4,15,27,2,0,32,0,0.80219775,0.0,0.0,7,0,5,2,0,0,5,0,1,0,13,5,0,13,0,0,10,0,16,109,5,2,7,1,1,9,3,32,2,22,5,0,0,2,54,1,1
C:\Users\maaik\PycharmProjects\OssMetricScraping\word\ysc-word-daa57fa\src\main\java\org\apdplat\word\segmentation\Segmentation.java,org.apdplat.word.segmentation.Segmentation,interface,2,26,24,2,2,1,0,0,1,0.0,0.0,0.0,2,0,2,0,0,0,2,0,0,0,0,0,0,0,0,0,0,0,0,4,0,0,0,0,0,0,0,0,0,0,0,0,0,0,8,1,0
C:\Users\maaik\PycharmProjects\OssMetricScraping\word\ysc-word-daa57fa\src\main\java\org\apdplat\word\corpus\CorpusTools.java,org.apdplat.word.corpus.CorpusTools$Anonymous1,anonymous,1,1,0,1,1,1,0,5,0,0.0,NaN,NaN,1,0,1,0,0,0,1,0,0,0,0,0,0,0,0,0,0,0,4,9,1,0,0,0,0,3,0,1,2,1,0,0,0,0,17,-1,1
C:\Users\maaik\PycharmProjects\OssMetricScraping\word\ysc-word-daa57fa\src\main\java\org\apdplat\word\dictionary\impl\DoubleArrayDictionaryTrie.java,org.apdplat.word.dictionary.impl.DoubleArrayDictionaryTrie$Node,innerclass,0,0,0,0,1,1,0,0,0,0.0,NaN,NaN,1,0,1,0,0,0,1,0,0,0,4,0,0,4,0,0,0,0,0,9,1,0,0,0,0,7,0,0,2,4,0,0,0,0,7,10,0
C:\Users\maaik\PycharmProjects\OssMetricScraping\word\ysc-word-daa57fa\src\main\java\org\apdplat\word\corpus\CorpusTools.java,org.apdplat.word.corpus.CorpusTools,class,4,6,2,4,57,1,0,62,0,0.7045455,NaN,NaN,11,11,1,10,0,0,1,0,0,0,8,8,0,8,0,0,8,0,23,250,0,12,6,8,1,57,30,57,17,50,5,1,0,1,90,1,11
C:\Users\maaik\PycharmProjects\OssMetricScraping\word\ysc-word-daa57fa\src\main\java\org\apdplat\word\segmentation\SegmentationContrast.java,org.apdplat.word.segmentation.SegmentationContrast,class,4,5,1,4,13,1,0,22,10,0.0,0.0,0.0,5,5,5,0,0,0,5,0,0,0,0,0,0,0,0,0,0,0,13,52,2,2,3,1,1,11,4,6,1,6,3,0,0,1,28,1,0
C:\Users\maaik\PycharmProjects\OssMetricScraping\word\ysc-word-daa57fa\src\main\java\org\apdplat\word\elasticsearch\ChineseWordAnalyzerProvider.java,org.apdplat.word.elasticsearch.ChineseWordAnalyzerProvider,class,8,9,1,8,2,2,0,2,1,0.75,0.0,0.0,2,0,2,0,0,0,2,0,0,0,2,1,0,2,0,0,2,0,1,10,1,0,0,0,0,0,0,2,0,2,0,0,0,0,20,1,0
C:\Users\maaik\PycharmProjects\OssMetricScraping\word\ysc-word-daa57fa\src\main\java\org\apdplat\word\WordFrequencyStatistics.java,org.apdplat.word.WordFrequencyStatistics,class,9,10,1,9,35,1,0,53,92,0.78000003,0.0,0.0,20,1,17,3,0,0,17,0,0,0,5,1,0,5,0,0,1,0,17,135,5,3,2,2,1,27,7,21,4,19,4,0,0,6,57,1,5
C:\Users\maaik\PycharmProjects\OssMetricScraping\word\ysc-word-daa57fa\src\main\java\org\apdplat\word\segmentation\impl\MinimalWordCount.java,org.apdplat.word.segmentation.impl.MinimalWordCount,class,8,9,1,8,30,2,0,35,21,0.0,0.0,0.0,7,1,3,4,0,0,3,0,0,0,0,0,0,0,0,0,0,0,2,159,5,13,3,0,1,18,26,38,12,30,4,0,1,1,57,1,4
C:\Users\maaik\PycharmProjects\OssMetricScraping\word\ysc-word-daa57fa\src\main\java\org\apdplat\word\solr\ChineseWordTokenizerFactory.java,org.apdplat.word.solr.ChineseWordTokenizerFactory,class,10,11,1,10,8,2,0,9,0,0.25,0.0,0.0,2,0,2,0,0,0,2,0,0,0,2,1,0,2,0,0,1,0,5,41,1,1,4,1,0,9,0,7,4,5,4,0,0,0,23,1,7
C:\Users\maaik\PycharmProjects\OssMetricScraping\word\ysc-word-daa57fa\src\test\java\org\apdplat\word\analysis\HotWordTest.java,org.apdplat.word.analysis.HotWordTest,class,2,2,0,2,1,2,0,7,0,0.0,NaN,NaN,1,0,1,0,0,0,1,0,0,0,0,0,0,0,0,0,0,0,5,17,0,0,0,0,0,10,12,4,0,2,0,0,0,0,14,1,0
C:\Users\maaik\PycharmProjects\OssMetricScraping\word\ysc-word-daa57fa\src\main\java\org\apdplat\word\analysis\HotWord.java,org.apdplat.word.analysis.HotWord,class,4,6,2,4,11,1,0,20,0,0.0,0.0,0.0,2,2,2,0,0,0,2,0,0,0,1,1,0,1,0,0,1,0,4,46,1,4,2,0,0,5,11,12,9,13,4,0,0,2,23,1,3
C:\Users\maaik\PycharmProjects\OssMetricScraping\word\ysc-word-daa57fa\src\main\java\org\apdplat\word\recognition\Quantifier.java,org.apdplat.word.recognition.Quantifier,class,5,7,2,5,5,1,0,6,1,0.5,0.0,0.0,3,3,3,0,0,0,4,0,0,0,2,2,0,2,0,0,2,0,3,60,1,1,0,0,1,3,1,3,1,3,1,1,0,0,17,1,1
C:\Users\maaik\PycharmProjects\OssMetricScraping\word\ysc-word-daa57fa\src\main\java\org\apdplat\word\util\Utils.java,org.apdplat.word.util.Utils$FileSegmentationCallback,interface,1,1,0,1,1,1,0,0,0,0.0,NaN,NaN,1,0,1,0,0,0,1,0,0,0,0,0,0,0,0,0,0,0,0,3,0,0,0,0,0,0,0,0,0,0,0,0,0,0,6,9,0
C:\Users\maaik\PycharmProjects\OssMetricScraping\word\ysc-word-daa57fa\src\main\java\org\apdplat\word\vector\Word2Vector.java,org.apdplat.word.vector.Word2Vector,class,4,5,1,4,35,1,0,53,9,0.5,NaN,NaN,6,6,1,5,0,0,1,0,0,0,1,1,0,1,0,0,1,0,27,197,0,10,7,1,5,38,34,63,50,43,3,0,1,1,69,1,14
C:\Users\maaik\PycharmProjects\OssMetricScraping\word\ysc-word-daa57fa\src\test\java\org\apdplat\word\recognition\RecognitionToolTest.java,org.apdplat.word.recognition.RecognitionToolTest,class,3,3,0,3,25,1,0,21,11,0.6666667,0.0,0.0,6,1,6,0,0,0,6,0,0,0,2,2,0,2,0,0,2,0,12,147,0,19,0,0,0,32,19,41,0,39,2,0,0,0,87,1,0
C:\Users\maaik\PycharmProjects\OssMetricScraping\word\ysc-word-daa57fa\src\main\java\org\apdplat\word\analysis\SimilarityRanker.java,org.apdplat.word.analysis.SimilarityRanker,interface,6,9,3,6,5,1,0,27,3,0.0,0.0,0.0,3,1,0,0,0,3,3,0,0,0,0,0,0,0,0,0,0,0,4,31,3,0,0,0,0,10,2,7,3,13,1,0,0,6,31,1,0
C:\Users\maaik\PycharmProjects\OssMetricScraping\word\ysc-word-daa57fa\src\main\java\org\apdplat\word\segmentation\impl\AbstractSegmentation.java,org.apdplat.word.segmentation.impl.AbstractSegmentation$Anonymous1,anonymous,2,2,0,2,3,1,0,2,1,0.0,0.0,0.0,2,0,2,0,0,0,2,0,0,0,0,0,0,0,0,0,0,0,0,12,2,1,0,0,0,1,0,1,0,1,1,0,0,0,10,-1,0
C:\Users\maaik\PycharmProjects\OssMetricScraping\word\ysc-word-daa57fa\src\main\java\org\apdplat\word\recognition\Quantifier.java,org.apdplat.word.recognition.Quantifier$Anonymous1,anonymous,0,0,0,0,9,1,0,8,6,0.0,0.0,0.0,4,0,4,0,0,0,4,0,0,0,0,0,0,0,0,0,0,0,0,41,0,1,3,0,0,6,6,3,5,3,3,0,0,0,7,-1,6
C:\Users\maaik\PycharmProjects\OssMetricScraping\word\ysc-word-daa57fa\src\main\java\org\apdplat\word\segmentation\impl\BidirectionalMaximumMatching.java,org.apdplat.word.segmentation.impl.BidirectionalMaximumMatching,class,5,6,1,5,12,2,0,11,3,0.6666667,0.0,0.0,3,1,3,0,0,0,3,0,0,0,2,2,0,2,0,0,2,0,2,44,4,0,3,0,0,7,2,14,3,10,1,0,0,0,28,1,3
C:\Users\maaik\PycharmProjects\OssMetricScraping\word\ysc-word-daa57fa\src\test\java\org\apdplat\word\segmentation\impl\MaximumMatchingTest.java,org.apdplat.word.segmentation.impl.MaximumMatchingTest,class,4,4,0,4,3,1,0,8,0,0.0,NaN,NaN,1,0,1,0,0,0,1,0,0,0,0,0,0,0,0,0,0,0,0,90,0,2,0,0,0,76,1,5,0,5,2,0,0,0,17,1,0
C:\Users\maaik\PycharmProjects\OssMetricScraping\word\ysc-word-daa57fa\src\test\java\org\apdplat\word\segmentation\impl\MinimumMatchingTest.java,org.apdplat.word.segmentation.impl.MinimumMatchingTest,class,4,4,0,4,3,1,0,8,0,0.0,NaN,NaN,1,0,1,0,0,0,1,0,0,0,0,0,0,0,0,0,0,0,0,91,0,2,0,0,0,77,1,5,0,5,2,0,0,0,17,1,0
C:\Users\maaik\PycharmProjects\OssMetricScraping\word\ysc-word-daa57fa\src\main\java\org\apdplat\word\analysis\SentenceIdentify.java,org.apdplat.word.analysis.SentenceIdentify,class,6,7,1,6,19,1,0,42,21,0.85714287,0.0,0.0,7,7,4,3,0,0,5,0,0,0,2,2,0,2,0,0,2,0,20,100,4,4,3,2,1,24,11,16,5,19,3,0,0,3,54,1,3
C:\Users\maaik\PycharmProjects\OssMetricScraping\word\ysc-word-daa57fa\src\main\java\org\apdplat\word\recognition\Punctuation.java,org.apdplat.word.recognition.Punctuation,class,6,11,5,6,17,1,0,12,10,0.8,0.0,0.0,5,5,5,0,0,0,6,0,0,0,2,2,0,2,0,0,1,0,13,132,4,4,1,0,0,9,5,11,7,10,3,1,0,0,32,1,7
C:\Users\maaik\PycharmProjects\OssMetricScraping\word\ysc-word-daa57fa\src\main\java\org\apdplat\word\util\GenericTrie.java,org.apdplat.word.util.GenericTrie,class,4,15,11,4,49,1,0,34,46,0.6666667,0.0,0.0,13,1,9,4,0,0,9,0,0,0,3,2,0,3,0,0,3,0,0,283,13,10,14,0,3,46,21,42,31,31,4,0,1,0,56,1,21
C:\Users\maaik\PycharmProjects\OssMetricScraping\word\ysc-word-daa57fa\src\test\java\org\apdplat\word\lucene\ChineseWordAnalyzerTest.java,org.apdplat.word.lucene.ChineseWordAnalyzerTest,class,17,17,0,17,11,1,0,25,3,0.0,0.0,0.0,3,0,3,0,0,0,3,0,0,0,0,0,0,0,0,0,0,0,2,120,0,3,0,4,0,67,5,27,4,24,2,0,0,0,52,1,0
C:\Users\maaik\PycharmProjects\OssMetricScraping\word\ysc-word-daa57fa\src\main\java\org\apdplat\word\analysis\ManhattanDistanceTextSimilarity.java,org.apdplat.word.analysis.ManhattanDistanceTextSimilarity,class,4,7,3,4,6,2,0,18,1,0.0,0.0,0.0,2,1,1,0,1,0,2,0,0,0,0,0,0,0,0,0,0,0,3,54,1,0,3,0,0,18,8,22,10,19,2,0,0,1,46,1,2
C:\Users\maaik\PycharmProjects\OssMetricScraping\word\ysc-word-daa57fa\src\main\java\org\apdplat\word\corpus\Trigram.java,org.apdplat.word.corpus.Trigram$Anonymous1,anonymous,3,3,0,3,8,1,0,10,10,0.0,0.0,0.0,5,0,4,1,0,0,4,0,0,0,0,0,0,0,0,0,0,0,2,35,0,1,0,1,0,9,2,5,2,4,2,0,0,0,19,-1,4
C:\Users\maaik\PycharmProjects\OssMetricScraping\word\ysc-word-daa57fa\src\main\java\org\apdplat\word\recognition\StopWord.java,org.apdplat.word.recognition.StopWord$Anonymous1,anonymous,1,1,0,1,8,1,0,6,6,0.0,0.0,0.0,4,0,4,0,0,0,4,0,0,0,0,0,0,0,0,0,0,0,3,24,0,1,0,0,0,2,0,0,1,0,2,0,0,0,9,-1,2
C:\Users\maaik\PycharmProjects\OssMetricScraping\word\ysc-word-daa57fa\src\main\java\org\apdplat\word\segmentation\impl\MaximumMatching.java,org.apdplat.word.segmentation.impl.MaximumMatching,class,6,8,2,6,10,2,0,9,3,0.0,0.0,0.0,3,1,3,0,0,0,3,0,0,0,0,0,0,0,0,0,0,0,1,34,2,2,3,0,0,1,4,10,2,6,3,0,0,0,26,1,0
C:\Users\maaik\PycharmProjects\OssMetricScraping\word\ysc-word-daa57fa\src\test\java\org\apdplat\word\recognition\PunctuationTest.java,org.apdplat.word.recognition.PunctuationTest,class,3,3,0,3,6,1,0,13,4,0.5,0.0,0.0,4,1,4,0,0,0,4,0,0,0,1,1,0,1,0,0,1,0,22,59,0,2,0,0,0,28,8,11,2,6,1,0,0,0,25,1,0
C:\Users\maaik\PycharmProjects\OssMetricScraping\word\ysc-word-daa57fa\src\main\java\org\apdplat\word\recognition\PersonName.java,org.apdplat.word.recognition.PersonName$Anonymous1,anonymous,0,0,0,0,14,1,0,15,6,0.0,0.0,0.0,4,0,4,0,0,0,4,0,0,0,0,0,0,0,0,0,0,0,2,56,0,1,6,0,0,18,11,3,4,3,2,0,0,0,7,-1,5
C:\Users\maaik\PycharmProjects\OssMetricScraping\word\ysc-word-daa57fa\src\main\java\org\apdplat\word\segmentation\impl\PureEnglish.java,org.apdplat.word.segmentation.impl.PureEnglish,class,5,6,1,5,37,1,0,28,15,0.8333333,0.0,0.0,6,3,3,3,0,0,3,0,0,0,3,3,0,3,0,0,3,0,11,97,19,4,1,0,1,25,11,12,7,11,3,0,0,2,66,1,4
C:\Users\maaik\PycharmProjects\OssMetricScraping\word\ysc-word-daa57fa\src\main\java\org\apdplat\word\segmentation\impl\BidirectionalMaximumMinimumMatching.java,org.apdplat.word.segmentation.impl.BidirectionalMaximumMinimumMatching,class,5,6,1,5,20,2,0,11,3,0.6666667,0.0,0.0,3,1,3,0,0,0,3,0,0,0,4,4,0,4,0,0,4,0,4,64,4,0,5,0,0,11,2,24,5,14,1,0,0,0,31,1,5
C:\Users\maaik\PycharmProjects\OssMetricScraping\word\ysc-word-daa57fa\src\main\java\org\apdplat\word\analysis\EuclideanDistanceTextSimilarity.java,org.apdplat.word.analysis.EuclideanDistanceTextSimilarity,class,4,7,3,4,6,2,0,18,1,0.0,0.0,0.0,2,1,1,0,1,0,2,0,0,0,0,0,0,0,0,0,0,0,3,55,1,0,3,0,0,18,8,23,11,20,2,0,0,1,48,1,2
C:\Users\maaik\PycharmProjects\OssMetricScraping\word\ysc-word-daa57fa\src\main\java\org\apdplat\word\corpus\CorpusMerge.java,org.apdplat.word.corpus.CorpusMerge$Anonymous1,anonymous,0,0,0,0,2,1,0,7,0,0.0,NaN,NaN,1,0,1,0,0,0,1,0,0,0,0,0,0,0,0,0,0,0,0,14,1,1,1,1,1,3,0,2,2,2,2,0,0,0,19,-1,1
C:\Users\maaik\PycharmProjects\OssMetricScraping\word\ysc-word-daa57fa\src\main\java\org\apdplat\word\WordSegmenter.java,org.apdplat.word.WordSegmenter,class,8,13,5,8,31,1,0,25,66,0.6923077,0.0,0.0,13,13,10,3,0,0,10,0,0,0,1,1,0,1,0,0,1,0,30,192,6,4,5,2,2,82,14,17,8,16,4,0,0,0,51,1,21
C:\Users\maaik\PycharmProjects\OssMetricScraping\word\ysc-word-daa57fa\src\main\java\org\apdplat\word\lucene\ChineseWordAnalyzer.java,org.apdplat.word.lucene.ChineseWordAnalyzer,class,13,16,3,13,10,2,0,13,0,0.5,0.0,0.0,6,1,5,0,1,0,6,0,0,0,2,1,0,2,0,0,1,0,5,56,1,3,0,1,0,15,0,22,3,15,1,0,0,0,37,1,3
C:\Users\maaik\PycharmProjects\OssMetricScraping\word\ysc-word-daa57fa\src\main\java\org\apdplat\word\corpus\CorpusMerge.java,org.apdplat.word.corpus.CorpusMerge,class,2,3,1,2,2,1,0,6,1,0.5,0.0,0.0,2,2,2,0,0,0,2,0,0,0,1,1,0,1,0,0,1,0,3,31,0,0,0,1,0,5,0,6,2,6,1,1,0,0,27,1,2
C:\Users\maaik\PycharmProjects\OssMetricScraping\word\ysc-word-daa57fa\src\main\java\org\apdplat\word\util\WordConfTools.java,org.apdplat.word.util.WordConfTools,class,2,30,28,2,35,1,0,38,0,0.30769232,0.0,0.0,13,13,10,3,0,0,11,0,0,0,2,2,0,2,0,0,2,0,13,126,7,3,8,2,2,34,10,21,18,21,3,0,0,1,47,1,16
C:\Users\maaik\PycharmProjects\OssMetricScraping\word\ysc-word-daa57fa\src\test\java\org\apdplat\word\segmentation\impl\ReverseMaximumMatchingTest.java,org.apdplat.word.segmentation.impl.ReverseMaximumMatchingTest,class,4,4,0,4,3,1,0,8,0,0.0,NaN,NaN,1,0,1,0,0,0,1,0,0,0,0,0,0,0,0,0,0,0,0,90,0,2,0,0,0,76,1,5,0,5,2,0,0,0,18,1,0
C:\Users\maaik\PycharmProjects\OssMetricScraping\word\ysc-word-daa57fa\src\main\java\org\apdplat\word\util\AutoDetector.java,org.apdplat.word.util.AutoDetector$Anonymous1,anonymous,5,5,0,5,4,1,0,9,0,0.0,NaN,NaN,1,0,1,0,0,0,1,0,0,0,0,0,0,0,0,0,0,0,3,29,0,1,0,2,0,13,2,6,3,6,3,0,0,0,22,-1,5
C:\Users\maaik\PycharmProjects\OssMetricScraping\word\ysc-word-daa57fa\src\main\java\org\apdplat\word\dictionary\Dictionary.java,org.apdplat.word.dictionary.Dictionary,interface,0,16,16,0,8,1,0,0,28,0.0,0.0,0.0,8,0,8,0,0,0,8,0,0,0,0,0,0,0,0,0,0,0,0,10,0,0,0,0,0,0,0,0,0,0,0,0,0,0,13,1,0
C:\Users\maaik\PycharmProjects\OssMetricScraping\word\ysc-word-daa57fa\src\main\java\org\apdplat\word\dictionary\impl\DictionaryTrie.java,org.apdplat.word.dictionary.impl.DictionaryTrie$TrieNode,innerclass,1,1,0,1,19,1,0,7,48,0.76923084,0.0,0.0,13,0,12,1,0,0,12,0,0,0,4,0,0,4,0,0,0,0,3,76,10,1,2,0,0,0,8,19,4,10,2,0,0,0,42,10,0
C:\Users\maaik\PycharmProjects\OssMetricScraping\word\ysc-word-daa57fa\src\main\java\org\apdplat\word\tagging\PinyinTagging.java,org.apdplat.word.tagging.PinyinTagging,class,7,9,2,7,11,1,0,24,13,0.6666667,0.0,0.0,6,5,2,4,0,0,2,0,0,0,1,1,0,1,0,0,1,0,7,52,4,2,0,1,0,3,3,7,0,7,4,0,0,0,35,1,1
C:\Users\maaik\PycharmProjects\OssMetricScraping\word\ysc-word-daa57fa\src\main\java\org\apdplat\word\util\AutoDetector.java,org.apdplat.word.util.AutoDetector$Anonymous6,anonymous,0,0,0,0,5,1,0,1,6,0.0,0.0,0.0,4,0,4,0,0,0,4,0,0,0,0,0,0,0,0,0,0,0,0,16,0,1,0,0,0,4,0,0,3,0,1,0,0,0,6,-1,0
C:\Users\maaik\PycharmProjects\OssMetricScraping\word\ysc-word-daa57fa\src\main\java\org\apdplat\word\analysis\TextSimilarity.java,org.apdplat.word.analysis.TextSimilarity,class,9,23,14,9,32,1,9,42,14,0.7037037,0.0,0.0,9,0,3,3,3,0,6,1,0,0,3,1,0,1,2,0,1,0,4,118,13,0,11,0,1,19,10,16,13,21,2,0,0,7,51,1025,15
C:\Users\maaik\PycharmProjects\OssMetricScraping\word\ysc-word-daa57fa\src\test\java\org\apdplat\word\dictionary\impl\DictionaryTrieTest.java,org.apdplat.word.dictionary.impl.DictionaryTrieTest,class,4,4,0,4,8,1,0,17,0,0.25,0.0,0.0,4,0,4,0,0,0,4,0,0,0,1,0,0,1,0,0,0,0,2,109,0,2,0,1,0,34,6,50,2,14,5,0,0,1,35,1,0
C:\Users\maaik\PycharmProjects\OssMetricScraping\word\ysc-word-daa57fa\src\main\java\org\apdplat\word\util\AutoDetector.java,org.apdplat.word.util.AutoDetector$Anonymous4,anonymous,3,3,0,3,3,1,0,9,0,0.0,NaN,NaN,1,0,1,0,0,0,1,0,0,0,1,0,0,1,0,0,0,0,4,19,1,0,0,0,0,3,1,5,2,4,2,0,0,0,14,-1,2
C:\Users\maaik\PycharmProjects\OssMetricScraping\word\ysc-word-daa57fa\src\main\java\org\apdplat\word\segmentation\impl\MaxNgramScore.java,org.apdplat.word.segmentation.impl.MaxNgramScore,class,8,9,1,8,38,2,0,37,21,0.0,0.0,0.0,7,1,3,4,0,0,3,0,0,0,0,0,0,0,0,0,0,0,2,197,5,18,3,0,1,19,34,49,13,37,4,0,1,1,64,1,5
C:\Users\maaik\PycharmProjects\OssMetricScraping\word\ysc-word-daa57fa\src\main\java\org\apdplat\word\util\AutoDetector.java,org.apdplat.word.util.AutoDetector$Anonymous5,anonymous,0,0,0,0,5,1,0,1,6,0.0,0.0,0.0,4,0,4,0,0,0,4,0,0,0,0,0,0,0,0,0,0,0,0,16,0,1,0,0,0,4,0,0,3,0,1,0,0,0,6,-1,0
C:\Users\maaik\PycharmProjects\OssMetricScraping\word\ysc-word-daa57fa\src\main\java\org\apdplat\word\analysis\EditDistanceTextSimilarity.java,org.apdplat.word.analysis.EditDistanceTextSimilarity,class,4,8,4,4,11,2,0,14,3,0.0,0.0,0.0,3,1,1,1,1,0,2,0,0,0,0,0,0,0,0,0,0,0,3,63,3,2,3,0,1,22,14,25,19,22,4,0,0,2,35,1,5
C:\Users\maaik\PycharmProjects\OssMetricScraping\word\ysc-word-daa57fa\src\main\java\org\apdplat\word\util\AutoDetector.java,org.apdplat.word.util.AutoDetector$Anonymous2,anonymous,1,1,0,1,1,1,0,4,0,0.0,NaN,NaN,1,0,1,0,0,0,1,0,0,0,0,0,0,0,0,0,0,0,1,6,1,0,0,0,0,0,0,0,0,0,0,0,0,0,12,-1,0
C:\Users\maaik\PycharmProjects\OssMetricScraping\word\ysc-word-daa57fa\src\main\java\org\apdplat\word\util\AutoDetector.java,org.apdplat.word.util.AutoDetector$Anonymous3,anonymous,3,3,0,3,2,1,0,7,0,0.0,NaN,NaN,1,0,1,0,0,0,1,0,0,0,1,0,0,1,0,0,0,0,4,16,0,0,0,0,0,3,1,5,2,4,2,0,0,0,14,-1,2
C:\Users\maaik\PycharmProjects\OssMetricScraping\word\ysc-word-daa57fa\src\main\java\org\apdplat\word\tagging\AntonymTagging.java,org.apdplat.word.tagging.AntonymTagging$Anonymous1,anonymous,2,2,0,2,24,1,0,16,15,0.0,0.0,0.0,6,0,4,2,0,0,4,0,0,0,0,0,0,0,0,0,0,0,3,92,0,6,4,3,0,17,7,9,11,9,3,0,0,0,19,-1,14
C:\Users\maaik\PycharmProjects\OssMetricScraping\word\ysc-word-daa57fa\src\main\java\org\apdplat\word\segmentation\impl\ReverseMinimumMatching.java,org.apdplat.word.segmentation.impl.ReverseMinimumMatching,class,6,8,2,6,11,2,0,12,3,0.0,0.0,0.0,3,1,3,0,0,0,3,0,0,0,0,0,0,0,0,0,0,0,1,39,2,3,2,0,0,1,9,13,2,8,3,0,0,0,30,1,0
C:\Users\maaik\PycharmProjects\OssMetricScraping\word\ysc-word-daa57fa\src\main\java\org\apdplat\word\dictionary\impl\DictionaryTrie.java,org.apdplat.word.dictionary.impl.DictionaryTrie,class,5,8,3,5,64,1,0,34,101,0.76388884,0.0,0.0,18,1,14,4,0,0,14,0,0,0,4,2,0,4,0,0,3,0,1,321,18,14,16,0,3,36,20,50,22,37,4,0,1,0,62,1,20
C:\Users\maaik\PycharmProjects\OssMetricScraping\word\ysc-word-daa57fa\src\main\java\org\apdplat\word\analysis\JaroDistanceTextSimilarity.java,org.apdplat.word.analysis.JaroDistanceTextSimilarity,class,3,7,4,3,16,2,1,19,10,0.8,0.0,0.0,5,1,1,3,1,0,2,0,0,0,2,0,0,0,2,0,0,0,2,87,6,3,5,0,3,18,12,39,21,36,3,0,0,2,50,1,3
C:\Users\maaik\PycharmProjects\OssMetricScraping\word\ysc-word-daa57fa\src\main\java\org\apdplat\word\vector\Distance.java,org.apdplat.word.vector.Distance,class,15,16,1,15,39,1,0,50,0,0.4375,0.0,0.0,8,1,5,3,0,0,5,0,0,0,4,1,0,4,0,0,1,0,9,188,3,7,7,3,2,57,20,47,13,38,4,0,0,1,68,1,31
C:\Users\maaik\PycharmProjects\OssMetricScraping\word\ysc-word-daa57fa\src\main\java\org\apdplat\word\dictionary\DictionaryTools.java,org.apdplat.word.dictionary.DictionaryTools,class,4,6,2,4,12,1,0,27,1,0.33333334,0.0,0.0,3,3,3,0,0,0,3,0,0,0,1,1,0,1,0,0,1,0,19,59,1,1,2,2,1,14,4,14,5,16,4,0,0,3,38,1,5
C:\Users\maaik\PycharmProjects\OssMetricScraping\word\ysc-word-daa57fa\src\main\java\org\apdplat\word\segmentation\impl\MinimumMatching.java,org.apdplat.word.segmentation.impl.MinimumMatching,class,6,8,2,6,10,2,0,9,3,0.0,0.0,0.0,3,1,3,0,0,0,3,0,0,0,0,0,0,0,0,0,0,0,1,32,2,2,4,0,0,1,6,10,1,6,3,0,0,0,26,1,0
C:\Users\maaik\PycharmProjects\OssMetricScraping\word\ysc-word-daa57fa\src\main\java\org\apdplat\word\segmentation\WordRefiner.java,org.apdplat.word.segmentation.WordRefiner$Anonymous1,anonymous,1,1,0,1,8,1,0,8,6,0.0,0.0,0.0,4,0,4,0,0,0,4,0,0,0,0,0,0,0,0,0,0,0,0,38,0,1,0,3,0,12,6,4,4,4,2,0,0,0,10,-1,5
C:\Users\maaik\PycharmProjects\OssMetricScraping\word\ysc-word-daa57fa\src\test\java\org\apdplat\word\segmentation\impl\ReverseMinimumMatchingTest.java,org.apdplat.word.segmentation.impl.ReverseMinimumMatchingTest,class,4,4,0,4,3,1,0,8,0,0.0,NaN,NaN,1,0,1,0,0,0,1,0,0,0,0,0,0,0,0,0,0,0,0,90,0,2,0,0,0,76,1,5,0,5,2,0,0,0,18,1,0
C:\Users\maaik\PycharmProjects\OssMetricScraping\word\ysc-word-daa57fa\src\main\java\org\apdplat\word\corpus\Trigram.java,org.apdplat.word.corpus.Trigram,class,7,9,2,7,19,1,0,17,11,0.72222227,0.0,0.0,6,6,6,0,0,0,7,0,0,0,3,3,0,3,0,0,2,0,8,102,8,3,2,0,0,13,19,17,9,15,4,1,0,0,43,1,2
C:\Users\maaik\PycharmProjects\OssMetricScraping\word\ysc-word-daa57fa\src\main\java\org\apdplat\word\util\DirectoryWatcher.java,org.apdplat.word.util.DirectoryWatcher$Anonymous4,anonymous,0,0,0,0,2,1,0,3,0,0.0,NaN,NaN,1,0,1,0,0,0,1,0,0,0,1,0,0,1,0,0,0,0,3,9,0,0,0,0,0,2,1,2,2,1,1,0,0,0,4,-1,0
C:\Users\maaik\PycharmProjects\OssMetricScraping\word\ysc-word-daa57fa\src\main\java\org\apdplat\word\segmentation\SegmentationAlgorithm.java,org.apdplat.word.segmentation.SegmentationAlgorithm,enum,0,24,24,0,2,1,0,0,0,0.0,NaN,NaN,2,0,1,1,0,0,1,0,0,0,1,0,0,1,0,0,1,0,0,19,1,0,0,0,0,11,0,1,0,1,0,0,0,0,24,1,0
C:\Users\maaik\PycharmProjects\OssMetricScraping\word\ysc-word-daa57fa\src\main\java\org\apdplat\word\segmentation\PartOfSpeech.java,org.apdplat.word.segmentation.PartOfSpeech$PartOfSpeechMap$Anonymous1,anonymous,1,1,0,1,8,1,0,6,6,0.0,0.0,0.0,4,0,4,0,0,0,4,0,0,0,0,0,0,0,0,0,0,0,0,38,0,1,0,3,0,8,8,4,4,4,2,0,0,0,13,-1,5
C:\Users\maaik\PycharmProjects\OssMetricScraping\word\ysc-word-daa57fa\src\main\java\org\apdplat\word\elasticsearch\ChineseWordNoOpTokenFilterFactory.java,org.apdplat.word.elasticsearch.ChineseWordNoOpTokenFilterFactory,class,5,5,0,5,2,2,0,0,1,0.0,0.0,0.0,2,0,2,0,0,0,2,0,0,0,0,0,0,0,0,0,0,0,0,8,1,0,0,0,0,0,0,0,0,0,0,0,0,0,19,1,0
C:\Users\maaik\PycharmProjects\OssMetricScraping\word\ysc-word-daa57fa\src\main\java\org\apdplat\word\util\Utils.java,org.apdplat.word.util.Utils,class,8,17,9,8,30,1,0,40,21,0.85714287,0.0,0.0,7,7,7,0,0,0,7,0,0,0,3,3,0,3,0,0,3,0,16,144,9,4,5,2,8,36,25,44,56,35,4,0,1,0,93,1,10
C:\Users\maaik\PycharmProjects\OssMetricScraping\word\ysc-word-daa57fa\src\main\java\org\apdplat\word\tagging\AntonymTagging.java,org.apdplat.word.tagging.AntonymTagging,class,9,11,2,9,12,1,0,18,11,0.6666667,0.0,0.0,6,5,3,3,0,0,4,0,0,0,2,2,0,2,0,0,2,0,9,137,1,1,1,0,0,6,1,7,0,7,1,1,0,1,27,1,2
C:\Users\maaik\PycharmProjects\OssMetricScraping\word\ysc-word-daa57fa\src\main\java\org\apdplat\word\corpus\ExtractText.java,org.apdplat.word.corpus.ExtractText$Anonymous1,anonymous,1,1,0,1,1,1,0,5,0,0.0,NaN,NaN,1,0,1,0,0,0,1,0,0,0,0,0,0,0,0,0,0,0,4,9,1,0,0,0,0,3,0,1,2,1,0,0,0,0,16,-1,1
C:\Users\maaik\PycharmProjects\OssMetricScraping\word\ysc-word-daa57fa\src\main\java\org\apdplat\word\util\AutoDetector.java,org.apdplat.word.util.AutoDetector$HttpResourceChangeRedisListener,innerclass,3,3,0,3,15,2,0,6,19,0.71428573,0.0,0.0,7,0,7,0,0,0,7,0,0,0,1,0,0,1,0,0,0,0,0,43,0,0,0,0,0,15,0,1,6,1,1,0,0,0,21,26,6
C:\Users\maaik\PycharmProjects\OssMetricScraping\word\ysc-word-daa57fa\src\test\java\org\apdplat\word\dictionary\impl\DoubleArrayDictionaryTrieTest.java,org.apdplat.word.dictionary.impl.DoubleArrayDictionaryTrieTest,class,4,4,0,4,14,2,0,22,15,0.0,0.0,0.0,6,0,6,0,0,0,6,0,0,0,0,0,0,0,0,0,0,0,7,158,0,2,0,5,0,100,41,15,2,16,5,0,0,1,43,1,0
C:\Users\maaik\PycharmProjects\OssMetricScraping\word\ysc-word-daa57fa\src\main\java\org\apdplat\word\segmentation\DictionaryBasedSegmentation.java,org.apdplat.word.segmentation.DictionaryBasedSegmentation,interface,2,3,1,2,2,1,0,0,1,0.0,0.0,0.0,2,0,2,0,0,0,2,0,0,0,0,0,0,0,0,0,0,0,0,4,0,0,0,0,0,0,0,0,0,0,0,0,0,0,9,1,0
C:\Users\maaik\PycharmProjects\OssMetricScraping\word\ysc-word-daa57fa\src\main\java\org\apdplat\word\analysis\SørensenDiceCoefficientTextSimilarity.java,org.apdplat.word.analysis.SørensenDiceCoefficientTextSimilarity,class,3,6,3,3,5,2,0,7,1,0.0,0.0,0.0,2,1,1,0,1,0,2,0,0,0,0,0,0,0,0,0,0,0,0,41,2,0,0,0,1,24,2,16,15,16,1,0,0,0,23,1,6
C:\Users\maaik\PycharmProjects\OssMetricScraping\word\ysc-word-daa57fa\src\main\java\org\apdplat\word\recognition\Punctuation.java,org.apdplat.word.recognition.Punctuation$Anonymous1,anonymous,2,2,0,2,15,1,0,17,6,0.0,0.0,0.0,4,0,4,0,0,0,4,0,0,0,0,0,0,0,0,0,0,0,3,68,4,4,6,0,0,5,6,10,4,7,2,0,0,0,13,-1,5
C:\Users\maaik\PycharmProjects\OssMetricScraping\word\ysc-word-daa57fa\src\main\java\org\apdplat\word\tagging\PartOfSpeechTagging.java,org.apdplat.word.tagging.PartOfSpeechTagging$Anonymous1,anonymous,1,1,0,1,8,1,0,6,6,0.0,0.0,0.0,4,0,4,0,0,0,4,0,0,0,0,0,0,0,0,0,0,0,0,38,0,1,0,3,0,8,6,4,4,4,2,0,0,0,10,-1,5
C:\Users\maaik\PycharmProjects\OssMetricScraping\word\ysc-word-daa57fa\src\main\java\org\apdplat\word\tagging\PartOfSpeechTagging.java,org.apdplat.word.tagging.PartOfSpeechTagging,class,10,12,2,10,30,1,0,24,0,0.375,0.0,0.0,4,3,3,1,0,0,4,0,0,0,2,2,0,2,0,0,2,0,12,107,2,0,2,0,0,33,0,14,2,6,4,1,0,1,26,1,2
C:\Users\maaik\PycharmProjects\OssMetricScraping\word\ysc-word-daa57fa\src\main\java\org\apdplat\word\util\DirectoryWatcher.java,org.apdplat.word.util.DirectoryWatcher,class,5,11,6,5,31,1,0,35,44,0.74999994,0.0,0.0,12,2,7,5,0,0,7,0,0,0,5,2,0,5,0,0,2,0,7,174,2,3,5,5,0,27,2,18,13,15,5,4,1,0,59,1,18
C:\Users\maaik\PycharmProjects\OssMetricScraping\word\ysc-word-daa57fa\src\main\java\org\apdplat\word\analysis\Hits.java,org.apdplat.word.analysis.Hits,class,1,3,2,1,6,1,0,4,0,0.0,0.0,0.0,6,0,6,0,0,0,6,0,0,0,1,0,0,1,0,0,0,0,1,21,2,0,0,0,0,0,0,3,0,1,0,0,0,0,8,1,0
C:\Users\maaik\PycharmProjects\OssMetricScraping\word\ysc-word-daa57fa\src\main\java\org\apdplat\word\analysis\CosineTextSimilarity.java,org.apdplat.word.analysis.CosineTextSimilarity,class,4,7,3,4,6,2,0,17,1,0.0,0.0,0.0,2,1,1,0,1,0,2,0,0,0,0,0,0,0,0,0,0,0,5,53,1,0,4,0,0,15,1,25,9,26,2,0,0,1,57,1,0
C:\Users\maaik\PycharmProjects\OssMetricScraping\word\ysc-word-daa57fa\src\main\java\org\apdplat\word\dictionary\impl\DoubleArrayDictionaryTrie.java,org.apdplat.word.dictionary.impl.DoubleArrayDictionaryTrie,class,7,9,2,7,53,1,0,45,43,0.7448979,0.0,0.0,14,1,10,4,0,0,10,0,0,0,7,2,0,7,0,0,2,0,3,245,12,7,9,1,1,74,38,62,42,35,3,0,1,4,85,1,9
C:\Users\maaik\PycharmProjects\OssMetricScraping\word\ysc-word-daa57fa\src\main\java\org\apdplat\word\segmentation\PartOfSpeech.java,org.apdplat.word.segmentation.PartOfSpeech$PartOfSpeechMap,innerclass,5,5,0,5,3,1,0,3,1,0.5,NaN,NaN,2,2,0,2,0,0,1,0,0,0,1,1,0,1,0,0,1,0,3,50,1,0,0,0,0,2,0,1,0,1,0,1,0,0,12,10,0
C:\Users\maaik\PycharmProjects\OssMetricScraping\word\ysc-word-daa57fa\src\main\java\org\apdplat\word\corpus\Bigram.java,org.apdplat.word.corpus.Bigram,class,7,12,5,7,32,1,0,22,13,0.7142858,0.0,0.0,7,7,7,0,0,0,8,0,0,0,3,3,0,3,0,0,2,0,9,141,10,7,3,0,0,14,28,29,15,24,6,1,0,0,51,1,3
C:\Users\maaik\PycharmProjects\OssMetricScraping\word\ysc-word-daa57fa\src\main\java\org\apdplat\word\util\AutoDetector.java,org.apdplat.word.util.AutoDetector,class,7,23,16,7,29,2,0,53,6,0.6666667,0.0,0.0,9,9,2,7,0,0,2,0,0,0,4,4,0,4,0,0,4,0,22,307,7,4,2,5,2,38,1,39,14,32,4,6,1,0,73,1,13
C:\Users\maaik\PycharmProjects\OssMetricScraping\word\ysc-word-daa57fa\src\main\java\org\apdplat\word\util\DoubleArrayGenericTrie.java,org.apdplat.word.util.DoubleArrayGenericTrie$Node,innerclass,0,0,0,0,1,1,0,0,0,0.0,NaN,NaN,1,0,1,0,0,0,1,0,0,0,5,0,0,5,0,0,0,0,0,10,1,0,0,0,0,8,0,0,2,5,0,0,0,0,8,10,0
C:\Users\maaik\PycharmProjects\OssMetricScraping\word\ysc-word-daa57fa\src\main\java\org\apdplat\word\segmentation\impl\ReverseMaximumMatching.java,org.apdplat.word.segmentation.impl.ReverseMaximumMatching,class,6,8,2,6,14,2,0,12,3,0.0,0.0,0.0,3,1,3,0,0,0,3,0,0,0,0,0,0,0,0,0,0,0,1,46,2,3,3,0,0,1,8,15,3,8,3,0,0,0,30,1,0
C:\Users\maaik\PycharmProjects\OssMetricScraping\word\ysc-word-daa57fa\src\main\java\org\apdplat\word\recognition\StopWord.java,org.apdplat.word.recognition.StopWord,class,6,13,7,6,16,1,0,18,6,0.6,0.0,0.0,5,5,4,1,0,0,5,0,0,0,2,2,0,2,0,0,2,0,5,75,6,2,2,0,1,5,7,7,2,6,3,1,0,0,28,1,3
C:\Users\maaik\PycharmProjects\OssMetricScraping\word\ysc-word-daa57fa\src\main\java\org\apdplat\word\elasticsearch\ChineseWordPlugin.java,org.apdplat.word.elasticsearch.ChineseWordPlugin,class,4,4,0,4,3,2,0,2,3,0.0,0.0,0.0,3,0,3,0,0,0,3,0,0,0,0,0,0,0,0,0,0,0,2,14,3,0,0,0,0,4,0,1,0,1,0,0,0,0,13,1,0
C:\Users\maaik\PycharmProjects\OssMetricScraping\word\ysc-word-daa57fa\src\main\java\org\apdplat\word\recognition\RecognitionTool.java,org.apdplat.word.recognition.RecognitionTool,class,5,17,12,5,83,1,0,18,90,0.8333333,0.0,0.0,16,16,16,0,0,0,16,0,0,0,3,3,0,3,0,0,3,0,30,205,41,8,13,0,4,8,30,29,40,27,3,0,0,0,41,1,6
C:\Users\maaik\PycharmProjects\OssMetricScraping\word\ysc-word-daa57fa\src\test\java\org\apdplat\word\analysis\TextSimilarityTest.java,org.apdplat.word.analysis.TextSimilarityTest,class,16,17,1,16,12,1,0,14,64,0.90909094,0.0,0.0,12,0,10,2,0,0,10,0,0,0,11,11,0,11,0,0,11,0,1,103,0,0,0,0,0,39,25,33,0,34,0,0,0,1,52,1,0
C:\Users\maaik\PycharmProjects\OssMetricScraping\word\ysc-word-daa57fa\src\main\java\org\apdplat\word\util\DirectoryWatcher.java,org.apdplat.word.util.DirectoryWatcher$Anonymous2,anonymous,1,1,0,1,1,1,0,1,0,0.0,NaN,NaN,1,0,1,0,0,0,1,0,0,0,0,0,0,0,0,0,0,0,0,5,0,0,0,0,0,0,0,0,0,0,0,0,0,0,4,-1,0
C:\Users\maaik\PycharmProjects\OssMetricScraping\word\ysc-word-daa57fa\src\main\java\org\apdplat\word\util\DirectoryWatcher.java,org.apdplat.word.util.DirectoryWatcher$Anonymous3,anonymous,1,1,0,1,1,1,0,1,0,0.0,NaN,NaN,1,0,1,0,0,0,1,0,0,0,0,0,0,0,0,0,0,0,0,6,1,0,0,0,0,0,0,0,0,0,0,0,0,0,14,-1,0
C:\Users\maaik\PycharmProjects\OssMetricScraping\word\ysc-word-daa57fa\src\main\java\org\apdplat\word\util\DirectoryWatcher.java,org.apdplat.word.util.DirectoryWatcher$Anonymous1,anonymous,0,0,0,0,5,1,0,0,10,0.0,0.0,0.0,5,0,5,0,0,0,5,0,0,0,0,0,0,0,0,0,0,0,0,12,0,0,0,0,0,0,0,0,0,0,0,0,0,0,6,-1,0
C:\Users\maaik\PycharmProjects\OssMetricScraping\word\ysc-word-daa57fa\src\main\java\org\apdplat\word\segmentation\PartOfSpeech.java,org.apdplat.word.segmentation.PartOfSpeech,class,3,9,6,3,12,1,0,12,0,0.6875,0.0,0.0,8,3,8,0,0,0,8,0,0,0,4,2,1,3,0,0,2,0,6,93,6,0,2,0,0,11,0,8,2,6,1,0,1,0,26,1,0
C:\Users\maaik\PycharmProjects\OssMetricScraping\word\ysc-word-daa57fa\src\main\java\org\apdplat\word\segmentation\SegmentationFactory.java,org.apdplat.word.segmentation.SegmentationFactory,class,4,23,19,4,4,1,0,7,1,0.5,NaN,NaN,2,1,1,1,0,0,1,0,0,1,2,2,0,2,0,0,2,0,1,21,1,0,1,1,0,3,0,5,2,4,2,0,0,0,22,1,2
C:\Users\maaik\PycharmProjects\OssMetricScraping\word\ysc-word-daa57fa\src\test\java\org\apdplat\word\util\GenericTrieTest.java,org.apdplat.word.util.GenericTrieTest,class,4,4,0,4,12,1,0,17,0,0.0,0.0,0.0,6,0,6,0,0,0,6,0,0,0,1,0,0,1,0,0,1,0,6,65,0,0,4,2,0,18,22,9,0,13,3,0,0,4,26,1,0
C:\Users\maaik\PycharmProjects\OssMetricScraping\word\ysc-word-daa57fa\src\main\java\org\apdplat\word\segmentation\impl\FullSegmentation.java,org.apdplat.word.segmentation.impl.FullSegmentation,class,9,10,1,9,42,2,0,52,36,0.8888889,0.0,0.0,9,1,3,6,0,0,3,0,0,0,3,3,0,3,0,0,3,0,4,190,10,14,3,0,3,22,16,47,10,41,3,0,1,2,75,1,9
C:\Users\maaik\PycharmProjects\OssMetricScraping\word\ysc-word-daa57fa\src\main\java\org\apdplat\word\analysis\Hit.java,org.apdplat.word.analysis.Hit,class,1,5,4,1,6,1,0,2,0,0.4166667,0.0,0.0,6,0,6,0,0,0,6,0,0,0,2,0,0,2,0,0,0,0,0,22,4,0,0,0,1,1,0,2,1,2,0,0,0,0,15,1,0
C:\Users\maaik\PycharmProjects\OssMetricScraping\word\ysc-word-daa57fa\src\main\java\org\apdplat\word\util\AtomicFloat.java,org.apdplat.word.util.AtomicFloat,class,1,5,4,1,20,2,0,11,124,0.7647059,0.0,0.0,17,0,17,0,0,0,17,0,10,0,1,0,0,1,0,0,0,0,6,73,14,3,0,0,0,0,5,6,2,6,1,0,0,0,30,1,0
C:\Users\maaik\PycharmProjects\OssMetricScraping\word\ysc-word-daa57fa\src\main\java\org\apdplat\word\corpus\EvaluationResult.java,org.apdplat.word.corpus.EvaluationResult,class,2,4,2,2,24,1,0,6,139,0.8181819,0.0,0.0,22,0,22,0,0,0,22,0,0,0,8,0,0,8,0,0,0,0,0,83,16,0,0,0,0,21,9,9,11,9,1,0,0,0,28,1,0
C:\Users\maaik\PycharmProjects\OssMetricScraping\word\ysc-word-daa57fa\src\main\java\org\apdplat\word\elasticsearch\ChineseWordTokenizerFactory.java,org.apdplat.word.elasticsearch.ChineseWordTokenizerFactory,class,10,11,1,10,2,2,0,2,1,0.75,0.0,0.0,2,0,2,0,0,0,2,0,0,0,2,1,0,2,0,0,2,0,1,10,1,0,0,0,0,0,0,2,0,2,0,0,0,0,18,1,0
C:\Users\maaik\PycharmProjects\OssMetricScraping\word\ysc-word-daa57fa\src\main\java\org\apdplat\word\analysis\SimpleTextSimilarity.java,org.apdplat.word.analysis.SimpleTextSimilarity,class,3,6,3,3,3,2,0,12,1,0.0,0.0,0.0,2,1,1,0,1,0,2,0,0,0,0,0,0,0,0,0,0,0,1,40,1,0,0,0,0,22,0,14,11,17,1,0,0,3,24,1,4
C:\Users\maaik\PycharmProjects\OssMetricScraping\word\ysc-word-daa57fa\src\main\java\org\apdplat\word\analysis\JaroWinklerDistanceTextSimilarity.java,org.apdplat.word.analysis.JaroWinklerDistanceTextSimilarity,class,4,7,3,4,10,3,0,6,4,0.6666667,0.0,0.0,5,1,3,1,1,0,4,0,0,0,3,2,0,3,0,0,2,0,0,54,3,1,1,0,2,15,9,21,8,17,2,0,0,0,47,1,0
C:\Users\maaik\PycharmProjects\OssMetricScraping\word\ysc-word-daa57fa\src\main\java\org\apdplat\word\segmentation\WordRefiner.java,org.apdplat.word.segmentation.WordRefiner,class,9,11,2,9,28,1,0,22,7,0.5833334,0.0,0.0,6,5,5,1,0,0,6,0,0,0,2,2,0,2,0,0,2,0,8,145,8,5,6,0,0,15,7,25,3,16,3,1,0,0,38,1,5
C:\Users\maaik\PycharmProjects\OssMetricScraping\word\ysc-word-daa57fa\src\main\java\org\apdplat\word\corpus\ExtractText.java,org.apdplat.word.corpus.ExtractText,class,2,5,3,2,23,1,0,30,0,0.41666666,0.0,0.0,4,4,2,2,0,0,2,0,0,0,3,3,0,3,0,0,3,0,7,102,0,3,5,3,1,24,15,27,8,19,6,1,0,0,65,1,6
C:\Users\maaik\PycharmProjects\OssMetricScraping\word\ysc-word-daa57fa\src\main\java\org\apdplat\word\dictionary\DictionaryFactory.java,org.apdplat.word.dictionary.DictionaryFactory$DictionaryHolder$Anonymous1,anonymous,5,5,0,5,25,1,0,35,21,0.0,0.0,0.0,7,0,4,3,0,0,4,0,0,0,0,0,0,0,0,0,0,0,9,89,2,4,4,1,1,17,11,14,9,14,4,0,0,4,48,-1,8
C:\Users\maaik\PycharmProjects\OssMetricScraping\word\ysc-word-daa57fa\src\main\java\org\apdplat\word\dictionary\DictionaryFactory.java,org.apdplat.word.dictionary.DictionaryFactory,class,5,7,2,5,9,1,0,19,10,0.9,0.0,0.0,5,4,3,2,0,0,3,0,1,0,2,2,0,2,0,0,2,0,18,160,1,3,0,0,0,9,12,12,4,13,5,0,1,1,38,17,2
C:\Users\maaik\PycharmProjects\OssMetricScraping\word\ysc-word-daa57fa\src\main\java\org\apdplat\word\segmentation\impl\FullSegmentation.java,org.apdplat.word.segmentation.impl.FullSegmentation$Node,innerclass,1,1,0,1,7,1,0,0,0,0.42857146,0.0,0.0,7,0,7,0,0,0,7,0,0,0,2,0,0,2,0,0,0,0,0,26,3,0,0,0,0,0,0,5,0,2,0,0,0,0,9,10,0
C:\Users\maaik\PycharmProjects\OssMetricScraping\word\ysc-word-daa57fa\src\main\java\org\apdplat\word\util\TrieTest.java,org.apdplat.word.util.TrieTest,class,5,6,1,5,26,1,0,28,21,0.85714287,0.0,0.0,7,7,5,2,0,0,5,0,0,0,1,1,0,1,0,0,1,0,30,106,0,4,9,0,0,23,29,23,3,35,2,0,0,12,40,1,2
C:\Users\maaik\PycharmProjects\OssMetricScraping\word\ysc-word-daa57fa\src\main\java\org\apdplat\word\segmentation\Word.java,org.apdplat.word.segmentation.Word,class,2,48,46,2,42,1,0,12,129,0.82954544,0.0,0.0,22,0,22,0,0,0,22,0,0,0,8,0,0,8,0,0,0,0,6,141,23,0,18,0,2,6,6,18,0,11,1,0,0,0,42,1,0
C:\Users\maaik\PycharmProjects\OssMetricScraping\word\ysc-word-daa57fa\src\main\java\org\apdplat\word\tagging\SynonymTagging.java,org.apdplat.word.tagging.SynonymTagging$Anonymous1,anonymous,2,2,0,2,23,1,0,14,10,0.0,0.0,0.0,5,0,4,1,0,0,4,0,0,0,0,0,0,0,0,0,0,0,2,86,0,6,4,3,0,17,5,7,11,7,4,0,0,0,16,-1,14
C:\Users\maaik\PycharmProjects\OssMetricScraping\word\ysc-word-daa57fa\src\test\java\org\apdplat\word\util\DoubleArrayGenericTrieTest.java,org.apdplat.word.util.DoubleArrayGenericTrieTest,class,5,5,0,5,12,1,0,18,0,0.0,0.0,0.0,6,0,6,0,0,0,6,0,0,0,1,0,0,1,0,0,1,0,8,67,0,0,4,2,0,20,20,10,0,14,3,0,0,4,28,1,0
C:\Users\maaik\PycharmProjects\OssMetricScraping\word\ysc-word-daa57fa\src\main\java\org\apdplat\word\tagging\SynonymTagging.java,org.apdplat.word.tagging.SynonymTagging,class,9,11,2,9,24,1,0,24,28,0.7222222,0.0,0.0,9,8,4,5,0,0,5,0,0,0,2,2,0,2,0,0,2,0,16,173,1,3,2,0,0,8,2,11,0,10,3,1,0,0,34,1,4
C:\Users\maaik\PycharmProjects\OssMetricScraping\word\ysc-word-daa57fa\src\main\java\org\apdplat\word\corpus\Evaluation.java,org.apdplat.word.corpus.Evaluation,class,7,8,1,7,22,1,0,35,0,0.0,0.0,0.0,4,4,4,0,0,0,4,0,0,0,1,1,0,1,0,0,1,0,14,148,3,6,4,3,3,50,13,58,19,50,4,0,0,0,53,1,9
C:\Users\maaik\PycharmProjects\OssMetricScraping\word\ysc-word-daa57fa\src\main\java\org\apdplat\word\segmentation\impl\MinimalWordCount.java,org.apdplat.word.segmentation.impl.MinimalWordCount$Node,innerclass,2,2,0,2,13,1,0,3,5,0.6136364,0.0,0.0,11,0,11,0,0,0,11,0,0,0,4,0,0,4,0,0,0,0,1,48,6,0,1,0,0,5,1,10,7,5,1,0,0,0,17,10,0
C:\Users\maaik\PycharmProjects\OssMetricScraping\word\ysc-word-daa57fa\src\main\java\org\apdplat\word\analysis\JaccardTextSimilarity.java,org.apdplat.word.analysis.JaccardTextSimilarity,class,3,6,3,3,6,2,0,13,1,0.0,0.0,0.0,2,1,1,0,1,0,2,0,0,0,0,0,0,0,0,0,0,0,0,46,2,0,0,0,0,20,1,16,10,19,2,0,0,3,25,1,3
C:\Users\maaik\PycharmProjects\OssMetricScraping\word\ysc-word-daa57fa\src\main\java\org\apdplat\word\segmentation\impl\AbstractSegmentation.java,org.apdplat.word.segmentation.impl.AbstractSegmentation,class,13,24,11,13,41,1,10,47,83,0.88888884,0.0,0.0,14,1,10,1,3,0,13,1,0,0,9,8,0,8,1,0,8,0,17,171,24,2,7,0,0,15,12,34,4,28,3,1,0,2,62,1025,1
C:\Users\maaik\PycharmProjects\OssMetricScraping\word\ysc-word-daa57fa\src\main\java\org\apdplat\word\segmentation\impl\MaxNgramScore.java,org.apdplat.word.segmentation.impl.MaxNgramScore$Node,innerclass,2,2,0,2,17,1,0,3,6,0.6041666,0.0,0.0,12,0,12,0,0,0,12,0,0,0,4,0,0,4,0,0,0,0,1,62,8,0,2,0,0,5,1,14,9,5,1,0,0,0,19,10,0
C:\Users\maaik\PycharmProjects\OssMetricScraping\word\ysc-word-daa57fa\src\main\java\org\apdplat\word\util\DoubleArrayGenericTrie.java,org.apdplat.word.util.DoubleArrayGenericTrie,class,5,12,7,5,50,1,0,38,0,0.530303,0.0,0.0,11,1,7,4,0,0,7,0,0,0,6,1,0,6,0,0,1,0,1,239,10,7,11,1,1,69,49,62,41,30,4,0,1,2,69,1,9
C:\Users\maaik\PycharmProjects\OssMetricScraping\word\ysc-word-daa57fa\src\main\java\org\apdplat\word\corpus\Bigram.java,org.apdplat.word.corpus.Bigram$Anonymous1,anonymous,2,2,0,2,8,1,0,9,10,0.0,0.0,0.0,5,0,4,1,0,0,4,0,0,0,0,0,0,0,0,0,0,0,1,34,0,1,0,1,0,6,2,5,2,4,2,0,0,0,19,-1,3
C:\Users\maaik\PycharmProjects\OssMetricScraping\word\ysc-word-daa57fa\src\main\java\org\apdplat\word\analysis\Similarity.java,org.apdplat.word.analysis.Similarity,interface,2,6,4,2,12,1,0,23,16,0.5,0.0,0.0,8,0,0,0,0,8,8,0,0,0,1,0,0,0,0,1,0,0,6,40,10,0,0,0,0,0,5,4,0,8,2,0,0,4,18,1,0
C:\Users\maaik\PycharmProjects\OssMetricScraping\word\ysc-word-daa57fa\src\main\java\org\apdplat\word\util\ResourceLoader.java,org.apdplat.word.util.ResourceLoader,interface,0,16,16,0,4,1,0,0,6,0.0,0.0,0.0,4,0,4,0,0,0,4,0,0,0,0,0,0,0,0,0,0,0,0,6,0,0,0,0,0,0,0,0,0,0,0,0,0,0,8,1,0
C:\Users\maaik\PycharmProjects\OssMetricScraping\word\ysc-word-daa57fa\src\main\java\org\apdplat\word\dictionary\DictionaryFactory.java,org.apdplat.word.dictionary.DictionaryFactory$DictionaryHolder,innerclass,5,5,0,5,4,1,0,10,1,1.0,0.0,0.0,2,2,1,1,0,0,2,0,0,0,1,1,0,1,0,0,1,0,10,109,1,0,0,1,0,18,0,2,3,2,1,1,0,0,19,26,1
C:\Users\maaik\PycharmProjects\OssMetricScraping\word\ysc-word-daa57fa\src\main\java\org\apdplat\word\util\DirectoryWatcher.java,org.apdplat.word.util.DirectoryWatcher$WatcherCallback,interface,0,0,0,0,1,1,0,0,0,0.0,NaN,NaN,1,0,1,0,0,0,1,0,0,0,0,0,0,0,0,0,0,0,0,3,0,0,0,0,0,0,0,0,0,0,0,0,0,0,4,9,0
C:\Users\maaik\PycharmProjects\OssMetricScraping\word\ysc-word-daa57fa\src\main\java\org\apdplat\word\util\GenericTrie.java,org.apdplat.word.util.GenericTrie$TrieNode,innerclass,2,2,0,2,21,1,0,7,73,0.81333333,0.0,0.0,15,0,14,1,0,0,14,0,0,0,5,0,0,5,0,0,0,0,3,83,11,1,2,0,0,0,8,20,4,11,2,0,0,0,45,10,0
C:\Users\maaik\PycharmProjects\OssMetricScraping\word\ysc-word-daa57fa\src\main\java\org\apdplat\word\recognition\PersonName.java,org.apdplat.word.recognition.PersonName,class,8,11,3,8,43,1,0,60,12,0.6388889,0.0,0.0,9,9,7,2,0,0,8,0,0,0,4,4,0,4,0,0,4,0,25,282,17,4,7,0,3,62,44,33,26,34,4,1,0,5,56,1,21
